gs://firsttry-220818-vcm/images/1.jpg,Acer_Opalus
gs://firsttry-220818-vcm/images/2.jpg,Pterocarya_Stenoptera
gs://firsttry-220818-vcm/images/3.jpg,Quercus_Hartwissiana
gs://firsttry-220818-vcm/images/4.jpg,Tilia_Tomentosa
gs://firsttry-220818-vcm/images/5.jpg,Quercus_Variabilis
gs://firsttry-220818-vcm/images/6.jpg,Magnolia_Salicifolia
gs://firsttry-220818-vcm/images/7.jpg,Quercus_Canariensis
gs://firsttry-220818-vcm/images/8.jpg,Quercus_Rubra
gs://firsttry-220818-vcm/images/9.jpg,Quercus_Brantii
gs://firsttry-220818-vcm/images/10.jpg,Salix_Fragilis
gs://firsttry-220818-vcm/images/11.jpg,Zelkova_Serrata
gs://firsttry-220818-vcm/images/12.jpg,Betula_Austrosinensis
gs://firsttry-220818-vcm/images/13.jpg,Quercus_Pontica
gs://firsttry-220818-vcm/images/14.jpg,Quercus_Afares
gs://firsttry-220818-vcm/images/15.jpg,Quercus_Coccifera
gs://firsttry-220818-vcm/images/16.jpg,Fagus_Sylvatica
gs://firsttry-220818-vcm/images/17.jpg,Phildelphus
gs://firsttry-220818-vcm/images/18.jpg,Acer_Palmatum
gs://firsttry-220818-vcm/images/19.jpg,Quercus_Pubescens
gs://firsttry-220818-vcm/images/20.jpg,Populus_Adenopoda
gs://firsttry-220818-vcm/images/21.jpg,Quercus_Trojana
gs://firsttry-220818-vcm/images/22.jpg,Quercus_Variabilis
gs://firsttry-220818-vcm/images/23.jpg,Alnus_Sieboldiana
gs://firsttry-220818-vcm/images/24.jpg,Quercus_Ilex
gs://firsttry-220818-vcm/images/25.jpg,Arundinaria_Simonii
gs://firsttry-220818-vcm/images/26.jpg,Acer_Platanoids
gs://firsttry-220818-vcm/images/27.jpg,Quercus_Phillyraeoides
gs://firsttry-220818-vcm/images/28.jpg,Cornus_Chinensis
gs://firsttry-220818-vcm/images/29.jpg,Quercus_Phillyraeoides
gs://firsttry-220818-vcm/images/30.jpg,Fagus_Sylvatica
gs://firsttry-220818-vcm/images/31.jpg,Liriodendron_Tulipifera
gs://firsttry-220818-vcm/images/32.jpg,Cytisus_Battandieri
gs://firsttry-220818-vcm/images/33.jpg,Tilia_Tomentosa
gs://firsttry-220818-vcm/images/34.jpg,Rhododendron_x_Russellianum
gs://firsttry-220818-vcm/images/35.jpg,Alnus_Rubra
gs://firsttry-220818-vcm/images/36.jpg,Eucalyptus_Glaucescens
gs://firsttry-220818-vcm/images/37.jpg,Cercis_Siliquastrum
gs://firsttry-220818-vcm/images/38.jpg,Cotinus_Coggygria
gs://firsttry-220818-vcm/images/39.jpg,Celtis_Koraiensis
gs://firsttry-220818-vcm/images/40.jpg,Quercus_Crassifolia
gs://firsttry-220818-vcm/images/41.jpg,Quercus_Variabilis
gs://firsttry-220818-vcm/images/42.jpg,Quercus_Hartwissiana
gs://firsttry-220818-vcm/images/43.jpg,Quercus_Kewensis
gs://firsttry-220818-vcm/images/44.jpg,Quercus_Coccifera
gs://firsttry-220818-vcm/images/45.jpg,Cornus_Controversa
gs://firsttry-220818-vcm/images/46.jpg,Quercus_Pyrenaica
gs://firsttry-220818-vcm/images/47.jpg,Callicarpa_Bodinieri
gs://firsttry-220818-vcm/images/48.jpg,Quercus_Alnifolia
gs://firsttry-220818-vcm/images/49.jpg,Quercus_Canariensis
gs://firsttry-220818-vcm/images/50.jpg,Acer_Saccharinum
gs://firsttry-220818-vcm/images/51.jpg,Prunus_X_Shmittii
gs://firsttry-220818-vcm/images/52.jpg,Prunus_Avium
gs://firsttry-220818-vcm/images/53.jpg,Quercus_Greggii
gs://firsttry-220818-vcm/images/54.jpg,Quercus_Suber
gs://firsttry-220818-vcm/images/55.jpg,Quercus_Trojana
gs://firsttry-220818-vcm/images/56.jpg,Liriodendron_Tulipifera
gs://firsttry-220818-vcm/images/57.jpg,Quercus_Coccifera
gs://firsttry-220818-vcm/images/58.jpg,Cercis_Siliquastrum
gs://firsttry-220818-vcm/images/59.jpg,Quercus_Suber
gs://firsttry-220818-vcm/images/60.jpg,Celtis_Koraiensis
gs://firsttry-220818-vcm/images/61.jpg,Quercus_Dolicholepis
gs://firsttry-220818-vcm/images/62.jpg,Rhododendron_x_Russellianum
gs://firsttry-220818-vcm/images/63.jpg,Ilex_Cornuta
gs://firsttry-220818-vcm/images/64.jpg,Tilia_Oliveri
gs://firsttry-220818-vcm/images/65.jpg,Quercus_Semecarpifolia
gs://firsttry-220818-vcm/images/66.jpg,Quercus_Texana
gs://firsttry-220818-vcm/images/67.jpg,Celtis_Koraiensis
gs://firsttry-220818-vcm/images/68.jpg,Ginkgo_Biloba
gs://firsttry-220818-vcm/images/69.jpg,Acer_Palmatum
gs://firsttry-220818-vcm/images/70.jpg,Quercus_Variabilis
gs://firsttry-220818-vcm/images/71.jpg,Liriodendron_Tulipifera
gs://firsttry-220818-vcm/images/72.jpg,Liquidambar_Styraciflua
gs://firsttry-220818-vcm/images/73.jpg,Quercus_Phellos
gs://firsttry-220818-vcm/images/74.jpg,Quercus_Crassifolia
gs://firsttry-220818-vcm/images/75.jpg,Quercus_Palustris
gs://firsttry-220818-vcm/images/76.jpg,Quercus_Phellos
gs://firsttry-220818-vcm/images/77.jpg,Quercus_Alnifolia
gs://firsttry-220818-vcm/images/78.jpg,Quercus_Afares
gs://firsttry-220818-vcm/images/79.jpg,Quercus_Canariensis
gs://firsttry-220818-vcm/images/80.jpg,Alnus_Maximowiczii
gs://firsttry-220818-vcm/images/81.jpg,Quercus_Agrifolia
gs://firsttry-220818-vcm/images/82.jpg,Callicarpa_Bodinieri
gs://firsttry-220818-vcm/images/83.jpg,Prunus_Avium
gs://firsttry-220818-vcm/images/84.jpg,Acer_Pictum
gs://firsttry-220818-vcm/images/85.jpg,Acer_Rufinerve
gs://firsttry-220818-vcm/images/86.jpg,Lithocarpus_Cleistocarpus
gs://firsttry-220818-vcm/images/87.jpg,Viburnum_x_Rhytidophylloides
gs://firsttry-220818-vcm/images/88.jpg,Celtis_Koraiensis
gs://firsttry-220818-vcm/images/89.jpg,Ilex_Aquifolium
gs://firsttry-220818-vcm/images/90.jpg,Acer_Circinatum
gs://firsttry-220818-vcm/images/91.jpg,Quercus_Coccinea
gs://firsttry-220818-vcm/images/92.jpg,Acer_Circinatum
gs://firsttry-220818-vcm/images/93.jpg,Quercus_Cerris
gs://firsttry-220818-vcm/images/94.jpg,Acer_Circinatum
gs://firsttry-220818-vcm/images/95.jpg,Acer_Saccharinum
gs://firsttry-220818-vcm/images/96.jpg,Quercus_Chrysolepis
gs://firsttry-220818-vcm/images/97.jpg,Celtis_Koraiensis
gs://firsttry-220818-vcm/images/98.jpg,Quercus_Semecarpifolia
gs://firsttry-220818-vcm/images/99.jpg,Eucalyptus_Neglecta
gs://firsttry-220818-vcm/images/100.jpg,Betula_Austrosinensis
gs://firsttry-220818-vcm/images/101.jpg,Ginkgo_Biloba
gs://firsttry-220818-vcm/images/102.jpg,Quercus_Canariensis
gs://firsttry-220818-vcm/images/103.jpg,Tilia_Platyphyllos
gs://firsttry-220818-vcm/images/104.jpg,Alnus_Cordata
gs://firsttry-220818-vcm/images/105.jpg,Populus_Nigra
gs://firsttry-220818-vcm/images/106.jpg,Quercus_Coccinea
gs://firsttry-220818-vcm/images/107.jpg,Quercus_Variabilis
gs://firsttry-220818-vcm/images/108.jpg,Quercus_Pyrenaica
gs://firsttry-220818-vcm/images/109.jpg,Arundinaria_Simonii
gs://firsttry-220818-vcm/images/110.jpg,Alnus_Cordata
gs://firsttry-220818-vcm/images/111.jpg,Arundinaria_Simonii
gs://firsttry-220818-vcm/images/112.jpg,Acer_Capillipes
gs://firsttry-220818-vcm/images/113.jpg,Quercus_Kewensis
gs://firsttry-220818-vcm/images/114.jpg,Acer_Palmatum
gs://firsttry-220818-vcm/images/115.jpg,Quercus_Agrifolia
gs://firsttry-220818-vcm/images/116.jpg,Quercus_Agrifolia
gs://firsttry-220818-vcm/images/117.jpg,Tilia_Tomentosa
gs://firsttry-220818-vcm/images/118.jpg,Liriodendron_Tulipifera
gs://firsttry-220818-vcm/images/119.jpg,Magnolia_Heptapeta
gs://firsttry-220818-vcm/images/120.jpg,Quercus_Dolicholepis
gs://firsttry-220818-vcm/images/121.jpg,Acer_Mono
gs://firsttry-220818-vcm/images/122.jpg,Cornus_Macrophylla
gs://firsttry-220818-vcm/images/123.jpg,Crataegus_Monogyna
gs://firsttry-220818-vcm/images/124.jpg,Liquidambar_Styraciflua
gs://firsttry-220818-vcm/images/125.jpg,Cotinus_Coggygria
gs://firsttry-220818-vcm/images/126.jpg,Quercus_x_Turneri
gs://firsttry-220818-vcm/images/127.jpg,Acer_Capillipes
gs://firsttry-220818-vcm/images/128.jpg,Quercus_Castaneifolia
gs://firsttry-220818-vcm/images/129.jpg,Ilex_Cornuta
gs://firsttry-220818-vcm/images/130.jpg,Lithocarpus_Edulis
gs://firsttry-220818-vcm/images/131.jpg,Acer_Circinatum
gs://firsttry-220818-vcm/images/132.jpg,Populus_Grandidentata
gs://firsttry-220818-vcm/images/133.jpg,Acer_Rubrum
gs://firsttry-220818-vcm/images/134.jpg,Tilia_Platyphyllos
gs://firsttry-220818-vcm/images/135.jpg,Quercus_Cerris
gs://firsttry-220818-vcm/images/136.jpg,Lithocarpus_Edulis
gs://firsttry-220818-vcm/images/137.jpg,Cercis_Siliquastrum
gs://firsttry-220818-vcm/images/138.jpg,Quercus_Agrifolia
gs://firsttry-220818-vcm/images/139.jpg,Quercus_Pubescens
gs://firsttry-220818-vcm/images/140.jpg,Quercus_Suber
gs://firsttry-220818-vcm/images/141.jpg,Quercus_Pontica
gs://firsttry-220818-vcm/images/142.jpg,Ilex_Aquifolium
gs://firsttry-220818-vcm/images/143.jpg,Celtis_Koraiensis
gs://firsttry-220818-vcm/images/144.jpg,Lithocarpus_Cleistocarpus
gs://firsttry-220818-vcm/images/145.jpg,Acer_Saccharinum
gs://firsttry-220818-vcm/images/146.jpg,Magnolia_Salicifolia
gs://firsttry-220818-vcm/images/147.jpg,Quercus_Crassifolia
gs://firsttry-220818-vcm/images/148.jpg,Fagus_Sylvatica
gs://firsttry-220818-vcm/images/149.jpg,Quercus_Trojana
gs://firsttry-220818-vcm/images/150.jpg,Quercus_Afares
gs://firsttry-220818-vcm/images/151.jpg,Quercus_Palustris
gs://firsttry-220818-vcm/images/152.jpg,Quercus_Imbricaria
gs://firsttry-220818-vcm/images/153.jpg,Eucalyptus_Urnigera
gs://firsttry-220818-vcm/images/154.jpg,Quercus_Ilex
gs://firsttry-220818-vcm/images/155.jpg,Acer_Circinatum
gs://firsttry-220818-vcm/images/156.jpg,Phildelphus
gs://firsttry-220818-vcm/images/157.jpg,Quercus_Crassipes
gs://firsttry-220818-vcm/images/158.jpg,Cornus_Controversa
gs://firsttry-220818-vcm/images/159.jpg,Quercus_Hartwissiana
gs://firsttry-220818-vcm/images/160.jpg,Quercus_Variabilis
gs://firsttry-220818-vcm/images/161.jpg,Quercus_x_Turneri
gs://firsttry-220818-vcm/images/162.jpg,Populus_Nigra
gs://firsttry-220818-vcm/images/163.jpg,Quercus_Chrysolepis
gs://firsttry-220818-vcm/images/164.jpg,Betula_Austrosinensis
gs://firsttry-220818-vcm/images/165.jpg,Acer_Mono
gs://firsttry-220818-vcm/images/166.jpg,Eucalyptus_Glaucescens
gs://firsttry-220818-vcm/images/167.jpg,Alnus_Rubra
gs://firsttry-220818-vcm/images/168.jpg,Viburnum_Tinus
gs://firsttry-220818-vcm/images/169.jpg,Populus_Adenopoda
gs://firsttry-220818-vcm/images/170.jpg,Quercus_Pyrenaica
gs://firsttry-220818-vcm/images/171.jpg,Eucalyptus_Neglecta
gs://firsttry-220818-vcm/images/172.jpg,Quercus_Pubescens
gs://firsttry-220818-vcm/images/173.jpg,Morus_Nigra
gs://firsttry-220818-vcm/images/174.jpg,Quercus_x_Turneri
gs://firsttry-220818-vcm/images/175.jpg,Quercus_Imbricaria
gs://firsttry-220818-vcm/images/176.jpg,Quercus_Crassipes
gs://firsttry-220818-vcm/images/177.jpg,Eucalyptus_Urnigera
gs://firsttry-220818-vcm/images/178.jpg,Acer_Pictum
gs://firsttry-220818-vcm/images/179.jpg,Alnus_Rubra
gs://firsttry-220818-vcm/images/180.jpg,Quercus_Dolicholepis
gs://firsttry-220818-vcm/images/181.jpg,Acer_Opalus
gs://firsttry-220818-vcm/images/182.jpg,Quercus_Trojana
gs://firsttry-220818-vcm/images/183.jpg,Quercus_Suber
gs://firsttry-220818-vcm/images/184.jpg,Acer_Platanoids
gs://firsttry-220818-vcm/images/185.jpg,Quercus_Vulcanica
gs://firsttry-220818-vcm/images/186.jpg,Acer_Palmatum
gs://firsttry-220818-vcm/images/187.jpg,Lithocarpus_Cleistocarpus
gs://firsttry-220818-vcm/images/188.jpg,Quercus_Chrysolepis
gs://firsttry-220818-vcm/images/189.jpg,Quercus_Variabilis
gs://firsttry-220818-vcm/images/190.jpg,Magnolia_Heptapeta
gs://firsttry-220818-vcm/images/191.jpg,Quercus_Palustris
gs://firsttry-220818-vcm/images/192.jpg,Quercus_Crassipes
gs://firsttry-220818-vcm/images/193.jpg,Acer_Platanoids
gs://firsttry-220818-vcm/images/194.jpg,Quercus_Pyrenaica
gs://firsttry-220818-vcm/images/195.jpg,Alnus_Viridis
gs://firsttry-220818-vcm/images/196.jpg,Fagus_Sylvatica
gs://firsttry-220818-vcm/images/197.jpg,Zelkova_Serrata
gs://firsttry-220818-vcm/images/198.jpg,Magnolia_Salicifolia
gs://firsttry-220818-vcm/images/199.jpg,Betula_Pendula
gs://firsttry-220818-vcm/images/200.jpg,Quercus_Agrifolia
gs://firsttry-220818-vcm/images/201.jpg,Betula_Austrosinensis
gs://firsttry-220818-vcm/images/202.jpg,Olea_Europaea
gs://firsttry-220818-vcm/images/203.jpg,Quercus_Ellipsoidalis
gs://firsttry-220818-vcm/images/204.jpg,Quercus_x_Hispanica
gs://firsttry-220818-vcm/images/205.jpg,Lithocarpus_Cleistocarpus
gs://firsttry-220818-vcm/images/206.jpg,Quercus_Kewensis
gs://firsttry-220818-vcm/images/207.jpg,Quercus_x_Hispanica
gs://firsttry-220818-vcm/images/208.jpg,Quercus_Palustris
gs://firsttry-220818-vcm/images/209.jpg,Quercus_Shumardii
gs://firsttry-220818-vcm/images/210.jpg,Quercus_Rubra
gs://firsttry-220818-vcm/images/211.jpg,Alnus_Viridis
gs://firsttry-220818-vcm/images/212.jpg,Liquidambar_Styraciflua
gs://firsttry-220818-vcm/images/213.jpg,Cotinus_Coggygria
gs://firsttry-220818-vcm/images/214.jpg,Acer_Pictum
gs://firsttry-220818-vcm/images/215.jpg,Magnolia_Heptapeta
gs://firsttry-220818-vcm/images/216.jpg,Acer_Rufinerve
gs://firsttry-220818-vcm/images/217.jpg,Acer_Saccharinum
gs://firsttry-220818-vcm/images/218.jpg,Crataegus_Monogyna
gs://firsttry-220818-vcm/images/219.jpg,Populus_Adenopoda
gs://firsttry-220818-vcm/images/220.jpg,Quercus_Crassifolia
gs://firsttry-220818-vcm/images/221.jpg,Alnus_Sieboldiana
gs://firsttry-220818-vcm/images/222.jpg,Alnus_Viridis
gs://firsttry-220818-vcm/images/223.jpg,Quercus_Rhysophylla
gs://firsttry-220818-vcm/images/224.jpg,Alnus_Sieboldiana
gs://firsttry-220818-vcm/images/225.jpg,Quercus_Shumardii
gs://firsttry-220818-vcm/images/226.jpg,Quercus_x_Turneri
gs://firsttry-220818-vcm/images/227.jpg,Callicarpa_Bodinieri
gs://firsttry-220818-vcm/images/228.jpg,Quercus_Crassifolia
gs://firsttry-220818-vcm/images/229.jpg,Quercus_Rubra
gs://firsttry-220818-vcm/images/230.jpg,Tilia_Oliveri
gs://firsttry-220818-vcm/images/231.jpg,Quercus_Agrifolia
gs://firsttry-220818-vcm/images/232.jpg,Populus_Grandidentata
gs://firsttry-220818-vcm/images/233.jpg,Quercus_Rubra
gs://firsttry-220818-vcm/images/234.jpg,Morus_Nigra
gs://firsttry-220818-vcm/images/235.jpg,Quercus_Agrifolia
gs://firsttry-220818-vcm/images/236.jpg,Eucalyptus_Urnigera
gs://firsttry-220818-vcm/images/237.jpg,Alnus_Viridis
gs://firsttry-220818-vcm/images/238.jpg,Liquidambar_Styraciflua
gs://firsttry-220818-vcm/images/239.jpg,Populus_Nigra
gs://firsttry-220818-vcm/images/240.jpg,Cercis_Siliquastrum
gs://firsttry-220818-vcm/images/241.jpg,Acer_Rufinerve
gs://firsttry-220818-vcm/images/242.jpg,Acer_Platanoids
gs://firsttry-220818-vcm/images/243.jpg,Tilia_Oliveri
gs://firsttry-220818-vcm/images/244.jpg,Lithocarpus_Edulis
gs://firsttry-220818-vcm/images/245.jpg,Magnolia_Salicifolia
gs://firsttry-220818-vcm/images/246.jpg,Arundinaria_Simonii
gs://firsttry-220818-vcm/images/247.jpg,Ginkgo_Biloba
gs://firsttry-220818-vcm/images/248.jpg,Betula_Pendula
gs://firsttry-220818-vcm/images/249.jpg,Tilia_Platyphyllos
gs://firsttry-220818-vcm/images/250.jpg,Quercus_Palustris
gs://firsttry-220818-vcm/images/251.jpg,Tilia_Oliveri
gs://firsttry-220818-vcm/images/252.jpg,Cytisus_Battandieri
gs://firsttry-220818-vcm/images/253.jpg,Quercus_Rubra
gs://firsttry-220818-vcm/images/254.jpg,Arundinaria_Simonii
gs://firsttry-220818-vcm/images/255.jpg,Castanea_Sativa
gs://firsttry-220818-vcm/images/256.jpg,Quercus_Crassifolia
gs://firsttry-220818-vcm/images/257.jpg,Cercis_Siliquastrum
gs://firsttry-220818-vcm/images/258.jpg,Lithocarpus_Edulis
gs://firsttry-220818-vcm/images/259.jpg,Liriodendron_Tulipifera
gs://firsttry-220818-vcm/images/260.jpg,Pterocarya_Stenoptera
gs://firsttry-220818-vcm/images/261.jpg,Quercus_Pontica
gs://firsttry-220818-vcm/images/262.jpg,Quercus_Imbricaria
gs://firsttry-220818-vcm/images/263.jpg,Ulmus_Bergmanniana
gs://firsttry-220818-vcm/images/264.jpg,Fagus_Sylvatica
gs://firsttry-220818-vcm/images/265.jpg,Quercus_Texana
gs://firsttry-220818-vcm/images/266.jpg,Populus_Grandidentata
gs://firsttry-220818-vcm/images/267.jpg,Betula_Austrosinensis
gs://firsttry-220818-vcm/images/268.jpg,Quercus_Trojana
gs://firsttry-220818-vcm/images/269.jpg,Quercus_Ellipsoidalis
gs://firsttry-220818-vcm/images/270.jpg,Quercus_Shumardii
gs://firsttry-220818-vcm/images/271.jpg,Olea_Europaea
gs://firsttry-220818-vcm/images/272.jpg,Cornus_Chinensis
gs://firsttry-220818-vcm/images/273.jpg,Quercus_Pontica
gs://firsttry-220818-vcm/images/274.jpg,Quercus_Brantii
gs://firsttry-220818-vcm/images/275.jpg,Arundinaria_Simonii
gs://firsttry-220818-vcm/images/276.jpg,Populus_Adenopoda
gs://firsttry-220818-vcm/images/277.jpg,Prunus_Avium
gs://firsttry-220818-vcm/images/278.jpg,Quercus_Chrysolepis
gs://firsttry-220818-vcm/images/279.jpg,Tilia_Tomentosa
gs://firsttry-220818-vcm/images/280.jpg,Quercus_Pyrenaica
gs://firsttry-220818-vcm/images/281.jpg,Betula_Pendula
gs://firsttry-220818-vcm/images/282.jpg,Ginkgo_Biloba
gs://firsttry-220818-vcm/images/283.jpg,Cornus_Macrophylla
gs://firsttry-220818-vcm/images/284.jpg,Arundinaria_Simonii
gs://firsttry-220818-vcm/images/285.jpg,Tilia_Platyphyllos
gs://firsttry-220818-vcm/images/286.jpg,Cornus_Macrophylla
gs://firsttry-220818-vcm/images/287.jpg,Quercus_Shumardii
gs://firsttry-220818-vcm/images/288.jpg,Quercus_Coccinea
gs://firsttry-220818-vcm/images/289.jpg,Populus_Nigra
gs://firsttry-220818-vcm/images/290.jpg,Alnus_Rubra
gs://firsttry-220818-vcm/images/291.jpg,Quercus_Agrifolia
gs://firsttry-220818-vcm/images/292.jpg,Quercus_Rhysophylla
gs://firsttry-220818-vcm/images/293.jpg,Quercus_Semecarpifolia
gs://firsttry-220818-vcm/images/294.jpg,Quercus_Nigra
gs://firsttry-220818-vcm/images/295.jpg,Quercus_Kewensis
gs://firsttry-220818-vcm/images/296.jpg,Betula_Austrosinensis
gs://firsttry-220818-vcm/images/297.jpg,Acer_Mono
gs://firsttry-220818-vcm/images/298.jpg,Quercus_Ellipsoidalis
gs://firsttry-220818-vcm/images/299.jpg,Quercus_Trojana
gs://firsttry-220818-vcm/images/300.jpg,Quercus_Castaneifolia
gs://firsttry-220818-vcm/images/301.jpg,Alnus_Rubra
gs://firsttry-220818-vcm/images/302.jpg,Quercus_Brantii
gs://firsttry-220818-vcm/images/303.jpg,Acer_Circinatum
gs://firsttry-220818-vcm/images/304.jpg,Quercus_Imbricaria
gs://firsttry-220818-vcm/images/305.jpg,Acer_Capillipes
gs://firsttry-220818-vcm/images/306.jpg,Acer_Mono
gs://firsttry-220818-vcm/images/307.jpg,Liriodendron_Tulipifera
gs://firsttry-220818-vcm/images/308.jpg,Olea_Europaea
gs://firsttry-220818-vcm/images/309.jpg,Alnus_Cordata
gs://firsttry-220818-vcm/images/310.jpg,Acer_Saccharinum
gs://firsttry-220818-vcm/images/311.jpg,Quercus_Alnifolia
gs://firsttry-220818-vcm/images/312.jpg,Quercus_Coccinea
gs://firsttry-220818-vcm/images/313.jpg,Acer_Platanoids
gs://firsttry-220818-vcm/images/314.jpg,Cornus_Chinensis
gs://firsttry-220818-vcm/images/315.jpg,Quercus_x_Hispanica
gs://firsttry-220818-vcm/images/316.jpg,Fagus_Sylvatica
gs://firsttry-220818-vcm/images/317.jpg,Quercus_Agrifolia
gs://firsttry-220818-vcm/images/318.jpg,Lithocarpus_Cleistocarpus
gs://firsttry-220818-vcm/images/319.jpg,Phildelphus
gs://firsttry-220818-vcm/images/320.jpg,Quercus_Pubescens
gs://firsttry-220818-vcm/images/321.jpg,Salix_Intergra
gs://firsttry-220818-vcm/images/322.jpg,Cornus_Macrophylla
gs://firsttry-220818-vcm/images/323.jpg,Quercus_x_Hispanica
gs://firsttry-220818-vcm/images/324.jpg,Viburnum_Tinus
gs://firsttry-220818-vcm/images/325.jpg,Populus_Grandidentata
gs://firsttry-220818-vcm/images/326.jpg,Ginkgo_Biloba
gs://firsttry-220818-vcm/images/327.jpg,Zelkova_Serrata
gs://firsttry-220818-vcm/images/328.jpg,Liriodendron_Tulipifera
gs://firsttry-220818-vcm/images/329.jpg,Quercus_Ilex
gs://firsttry-220818-vcm/images/330.jpg,Prunus_X_Shmittii
gs://firsttry-220818-vcm/images/331.jpg,Quercus_Phillyraeoides
gs://firsttry-220818-vcm/images/332.jpg,Quercus_Phillyraeoides
gs://firsttry-220818-vcm/images/333.jpg,Quercus_Semecarpifolia
gs://firsttry-220818-vcm/images/334.jpg,Quercus_Cerris
gs://firsttry-220818-vcm/images/335.jpg,Morus_Nigra
gs://firsttry-220818-vcm/images/336.jpg,Cercis_Siliquastrum
gs://firsttry-220818-vcm/images/337.jpg,Cotinus_Coggygria
gs://firsttry-220818-vcm/images/338.jpg,Cytisus_Battandieri
gs://firsttry-220818-vcm/images/339.jpg,Viburnum_x_Rhytidophylloides
gs://firsttry-220818-vcm/images/340.jpg,Callicarpa_Bodinieri
gs://firsttry-220818-vcm/images/341.jpg,Populus_Adenopoda
gs://firsttry-220818-vcm/images/342.jpg,Populus_Grandidentata
gs://firsttry-220818-vcm/images/343.jpg,Magnolia_Salicifolia
gs://firsttry-220818-vcm/images/344.jpg,Quercus_Shumardii
gs://firsttry-220818-vcm/images/345.jpg,Quercus_Ellipsoidalis
gs://firsttry-220818-vcm/images/346.jpg,Celtis_Koraiensis
gs://firsttry-220818-vcm/images/347.jpg,Liquidambar_Styraciflua
gs://firsttry-220818-vcm/images/348.jpg,Acer_Capillipes
gs://firsttry-220818-vcm/images/349.jpg,Acer_Rufinerve
gs://firsttry-220818-vcm/images/350.jpg,Cytisus_Battandieri
gs://firsttry-220818-vcm/images/351.jpg,Cotinus_Coggygria
gs://firsttry-220818-vcm/images/352.jpg,Liquidambar_Styraciflua
gs://firsttry-220818-vcm/images/353.jpg,Quercus_Coccinea
gs://firsttry-220818-vcm/images/354.jpg,Quercus_Crassipes
gs://firsttry-220818-vcm/images/355.jpg,Cercis_Siliquastrum
gs://firsttry-220818-vcm/images/356.jpg,Lithocarpus_Cleistocarpus
gs://firsttry-220818-vcm/images/357.jpg,Eucalyptus_Neglecta
gs://firsttry-220818-vcm/images/358.jpg,Acer_Platanoids
gs://firsttry-220818-vcm/images/359.jpg,Castanea_Sativa
gs://firsttry-220818-vcm/images/360.jpg,Quercus_Rubra
gs://firsttry-220818-vcm/images/361.jpg,Quercus_Afares
gs://firsttry-220818-vcm/images/362.jpg,Quercus_Canariensis
gs://firsttry-220818-vcm/images/363.jpg,Lithocarpus_Cleistocarpus
gs://firsttry-220818-vcm/images/364.jpg,Tilia_Platyphyllos
gs://firsttry-220818-vcm/images/365.jpg,Ilex_Aquifolium
gs://firsttry-220818-vcm/images/366.jpg,Populus_Nigra
gs://firsttry-220818-vcm/images/367.jpg,Quercus_Semecarpifolia
gs://firsttry-220818-vcm/images/368.jpg,Quercus_Coccinea
gs://firsttry-220818-vcm/images/369.jpg,Eucalyptus_Neglecta
gs://firsttry-220818-vcm/images/370.jpg,Phildelphus
gs://firsttry-220818-vcm/images/371.jpg,Acer_Capillipes
gs://firsttry-220818-vcm/images/372.jpg,Cornus_Controversa
gs://firsttry-220818-vcm/images/373.jpg,Betula_Pendula
gs://firsttry-220818-vcm/images/374.jpg,Lithocarpus_Edulis
gs://firsttry-220818-vcm/images/375.jpg,Quercus_Ilex
gs://firsttry-220818-vcm/images/376.jpg,Lithocarpus_Edulis
gs://firsttry-220818-vcm/images/377.jpg,Salix_Fragilis
gs://firsttry-220818-vcm/images/378.jpg,Betula_Pendula
gs://firsttry-220818-vcm/images/379.jpg,Cotinus_Coggygria
gs://firsttry-220818-vcm/images/380.jpg,Fagus_Sylvatica
gs://firsttry-220818-vcm/images/381.jpg,Quercus_Hartwissiana
gs://firsttry-220818-vcm/images/382.jpg,Alnus_Cordata
gs://firsttry-220818-vcm/images/383.jpg,Crataegus_Monogyna
gs://firsttry-220818-vcm/images/384.jpg,Quercus_x_Hispanica
gs://firsttry-220818-vcm/images/385.jpg,Quercus_Coccifera
gs://firsttry-220818-vcm/images/386.jpg,Olea_Europaea
gs://firsttry-220818-vcm/images/387.jpg,Populus_Nigra
gs://firsttry-220818-vcm/images/388.jpg,Cornus_Macrophylla
gs://firsttry-220818-vcm/images/389.jpg,Ulmus_Bergmanniana
gs://firsttry-220818-vcm/images/390.jpg,Tilia_Platyphyllos
gs://firsttry-220818-vcm/images/391.jpg,Acer_Rufinerve
gs://firsttry-220818-vcm/images/392.jpg,Quercus_Brantii
gs://firsttry-220818-vcm/images/393.jpg,Ginkgo_Biloba
gs://firsttry-220818-vcm/images/394.jpg,Alnus_Viridis
gs://firsttry-220818-vcm/images/395.jpg,Alnus_Cordata
gs://firsttry-220818-vcm/images/396.jpg,Tilia_Tomentosa
gs://firsttry-220818-vcm/images/397.jpg,Acer_Rufinerve
gs://firsttry-220818-vcm/images/398.jpg,Acer_Rufinerve
gs://firsttry-220818-vcm/images/399.jpg,Quercus_Greggii
gs://firsttry-220818-vcm/images/400.jpg,Populus_Adenopoda
gs://firsttry-220818-vcm/images/401.jpg,Quercus_Pontica
gs://firsttry-220818-vcm/images/402.jpg,Eucalyptus_Urnigera
gs://firsttry-220818-vcm/images/403.jpg,Viburnum_x_Rhytidophylloides
gs://firsttry-220818-vcm/images/404.jpg,Cornus_Chinensis
gs://firsttry-220818-vcm/images/405.jpg,Alnus_Maximowiczii
gs://firsttry-220818-vcm/images/406.jpg,Quercus_Infectoria_sub
gs://firsttry-220818-vcm/images/407.jpg,Quercus_Cerris
gs://firsttry-220818-vcm/images/408.jpg,Salix_Intergra
gs://firsttry-220818-vcm/images/409.jpg,Viburnum_Tinus
gs://firsttry-220818-vcm/images/410.jpg,Betula_Austrosinensis
gs://firsttry-220818-vcm/images/411.jpg,Phildelphus
gs://firsttry-220818-vcm/images/412.jpg,Quercus_Chrysolepis
gs://firsttry-220818-vcm/images/413.jpg,Sorbus_Aria
gs://firsttry-220818-vcm/images/414.jpg,Cornus_Macrophylla
gs://firsttry-220818-vcm/images/415.jpg,Eucalyptus_Glaucescens
gs://firsttry-220818-vcm/images/416.jpg,Quercus_Texana
gs://firsttry-220818-vcm/images/417.jpg,Salix_Intergra
gs://firsttry-220818-vcm/images/418.jpg,Quercus_Greggii
gs://firsttry-220818-vcm/images/419.jpg,Quercus_Crassipes
gs://firsttry-220818-vcm/images/420.jpg,Tilia_Oliveri
gs://firsttry-220818-vcm/images/421.jpg,Eucalyptus_Glaucescens
gs://firsttry-220818-vcm/images/422.jpg,Quercus_Variabilis
gs://firsttry-220818-vcm/images/423.jpg,Quercus_Nigra
gs://firsttry-220818-vcm/images/424.jpg,Populus_Grandidentata
gs://firsttry-220818-vcm/images/425.jpg,Quercus_Vulcanica
gs://firsttry-220818-vcm/images/426.jpg,Ilex_Cornuta
gs://firsttry-220818-vcm/images/427.jpg,Acer_Rubrum
gs://firsttry-220818-vcm/images/428.jpg,Rhododendron_x_Russellianum
gs://firsttry-220818-vcm/images/429.jpg,Salix_Fragilis
gs://firsttry-220818-vcm/images/430.jpg,Quercus_Crassipes
gs://firsttry-220818-vcm/images/431.jpg,Crataegus_Monogyna
gs://firsttry-220818-vcm/images/432.jpg,Rhododendron_x_Russellianum
gs://firsttry-220818-vcm/images/433.jpg,Morus_Nigra
gs://firsttry-220818-vcm/images/434.jpg,Populus_Nigra
gs://firsttry-220818-vcm/images/435.jpg,Acer_Rufinerve
gs://firsttry-220818-vcm/images/436.jpg,Sorbus_Aria
gs://firsttry-220818-vcm/images/437.jpg,Morus_Nigra
gs://firsttry-220818-vcm/images/438.jpg,Alnus_Viridis
gs://firsttry-220818-vcm/images/439.jpg,Zelkova_Serrata
gs://firsttry-220818-vcm/images/440.jpg,Eucalyptus_Glaucescens
gs://firsttry-220818-vcm/images/441.jpg,Crataegus_Monogyna
gs://firsttry-220818-vcm/images/442.jpg,Liriodendron_Tulipifera
gs://firsttry-220818-vcm/images/443.jpg,Quercus_Nigra
gs://firsttry-220818-vcm/images/444.jpg,Quercus_Pontica
gs://firsttry-220818-vcm/images/445.jpg,Acer_Rubrum
gs://firsttry-220818-vcm/images/446.jpg,Quercus_Alnifolia
gs://firsttry-220818-vcm/images/447.jpg,Quercus_Nigra
gs://firsttry-220818-vcm/images/448.jpg,Olea_Europaea
gs://firsttry-220818-vcm/images/449.jpg,Quercus_Ilex
gs://firsttry-220818-vcm/images/450.jpg,Cornus_Chinensis
gs://firsttry-220818-vcm/images/451.jpg,Alnus_Sieboldiana
gs://firsttry-220818-vcm/images/452.jpg,Populus_Adenopoda
gs://firsttry-220818-vcm/images/453.jpg,Sorbus_Aria
gs://firsttry-220818-vcm/images/454.jpg,Quercus_Brantii
gs://firsttry-220818-vcm/images/455.jpg,Cornus_Chinensis
gs://firsttry-220818-vcm/images/456.jpg,Betula_Austrosinensis
gs://firsttry-220818-vcm/images/457.jpg,Magnolia_Salicifolia
gs://firsttry-220818-vcm/images/458.jpg,Magnolia_Salicifolia
gs://firsttry-220818-vcm/images/459.jpg,Eucalyptus_Glaucescens
gs://firsttry-220818-vcm/images/460.jpg,Quercus_Nigra
gs://firsttry-220818-vcm/images/461.jpg,Acer_Platanoids
gs://firsttry-220818-vcm/images/462.jpg,Quercus_Crassifolia
gs://firsttry-220818-vcm/images/463.jpg,Ulmus_Bergmanniana
gs://firsttry-220818-vcm/images/464.jpg,Cornus_Controversa
gs://firsttry-220818-vcm/images/465.jpg,Betula_Austrosinensis
gs://firsttry-220818-vcm/images/466.jpg,Quercus_Afares
gs://firsttry-220818-vcm/images/467.jpg,Eucalyptus_Neglecta
gs://firsttry-220818-vcm/images/468.jpg,Pterocarya_Stenoptera
gs://firsttry-220818-vcm/images/469.jpg,Acer_Saccharinum
gs://firsttry-220818-vcm/images/470.jpg,Callicarpa_Bodinieri
gs://firsttry-220818-vcm/images/471.jpg,Quercus_Castaneifolia
gs://firsttry-220818-vcm/images/472.jpg,Quercus_Ellipsoidalis
gs://firsttry-220818-vcm/images/473.jpg,Quercus_Crassifolia
gs://firsttry-220818-vcm/images/474.jpg,Castanea_Sativa
gs://firsttry-220818-vcm/images/475.jpg,Eucalyptus_Glaucescens
gs://firsttry-220818-vcm/images/476.jpg,Eucalyptus_Urnigera
gs://firsttry-220818-vcm/images/477.jpg,Fagus_Sylvatica
gs://firsttry-220818-vcm/images/478.jpg,Quercus_Vulcanica
gs://firsttry-220818-vcm/images/479.jpg,Quercus_Ilex
gs://firsttry-220818-vcm/images/480.jpg,Rhododendron_x_Russellianum
gs://firsttry-220818-vcm/images/481.jpg,Quercus_Ellipsoidalis
gs://firsttry-220818-vcm/images/482.jpg,Quercus_Trojana
gs://firsttry-220818-vcm/images/483.jpg,Quercus_Greggii
gs://firsttry-220818-vcm/images/484.jpg,Viburnum_Tinus
gs://firsttry-220818-vcm/images/485.jpg,Alnus_Sieboldiana
gs://firsttry-220818-vcm/images/486.jpg,Ilex_Cornuta
gs://firsttry-220818-vcm/images/487.jpg,Cytisus_Battandieri
gs://firsttry-220818-vcm/images/488.jpg,Ulmus_Bergmanniana
gs://firsttry-220818-vcm/images/489.jpg,Liriodendron_Tulipifera
gs://firsttry-220818-vcm/images/490.jpg,Quercus_Phellos
gs://firsttry-220818-vcm/images/491.jpg,Eucalyptus_Neglecta
gs://firsttry-220818-vcm/images/492.jpg,Sorbus_Aria
gs://firsttry-220818-vcm/images/493.jpg,Cornus_Chinensis
gs://firsttry-220818-vcm/images/494.jpg,Quercus_Hartwissiana
gs://firsttry-220818-vcm/images/495.jpg,Quercus_Palustris
gs://firsttry-220818-vcm/images/496.jpg,Quercus_Ilex
gs://firsttry-220818-vcm/images/497.jpg,Alnus_Maximowiczii
gs://firsttry-220818-vcm/images/498.jpg,Ginkgo_Biloba
gs://firsttry-220818-vcm/images/499.jpg,Acer_Mono
gs://firsttry-220818-vcm/images/500.jpg,Quercus_Pubescens
gs://firsttry-220818-vcm/images/501.jpg,Magnolia_Heptapeta
gs://firsttry-220818-vcm/images/502.jpg,Acer_Pictum
gs://firsttry-220818-vcm/images/503.jpg,Lithocarpus_Cleistocarpus
gs://firsttry-220818-vcm/images/504.jpg,Quercus_Imbricaria
gs://firsttry-220818-vcm/images/505.jpg,Quercus_Suber
gs://firsttry-220818-vcm/images/506.jpg,Quercus_Castaneifolia
gs://firsttry-220818-vcm/images/507.jpg,Quercus_Crassipes
gs://firsttry-220818-vcm/images/508.jpg,Quercus_Chrysolepis
gs://firsttry-220818-vcm/images/509.jpg,Quercus_Suber
gs://firsttry-220818-vcm/images/510.jpg,Quercus_Texana
gs://firsttry-220818-vcm/images/511.jpg,Quercus_Ellipsoidalis
gs://firsttry-220818-vcm/images/512.jpg,Quercus_Castaneifolia
gs://firsttry-220818-vcm/images/513.jpg,Quercus_Canariensis
gs://firsttry-220818-vcm/images/514.jpg,Liquidambar_Styraciflua
gs://firsttry-220818-vcm/images/515.jpg,Quercus_x_Hispanica
gs://firsttry-220818-vcm/images/516.jpg,Cotinus_Coggygria
gs://firsttry-220818-vcm/images/517.jpg,Cornus_Macrophylla
gs://firsttry-220818-vcm/images/518.jpg,Viburnum_Tinus
gs://firsttry-220818-vcm/images/519.jpg,Alnus_Cordata
gs://firsttry-220818-vcm/images/520.jpg,Quercus_Coccifera
gs://firsttry-220818-vcm/images/521.jpg,Quercus_Coccinea
gs://firsttry-220818-vcm/images/522.jpg,Eucalyptus_Glaucescens
gs://firsttry-220818-vcm/images/523.jpg,Salix_Fragilis
gs://firsttry-220818-vcm/images/524.jpg,Quercus_Canariensis
gs://firsttry-220818-vcm/images/525.jpg,Quercus_Alnifolia
gs://firsttry-220818-vcm/images/526.jpg,Quercus_Vulcanica
gs://firsttry-220818-vcm/images/527.jpg,Quercus_Infectoria_sub
gs://firsttry-220818-vcm/images/528.jpg,Quercus_Kewensis
gs://firsttry-220818-vcm/images/529.jpg,Acer_Rufinerve
gs://firsttry-220818-vcm/images/530.jpg,Magnolia_Heptapeta
gs://firsttry-220818-vcm/images/531.jpg,Ulmus_Bergmanniana
gs://firsttry-220818-vcm/images/532.jpg,Magnolia_Heptapeta
gs://firsttry-220818-vcm/images/533.jpg,Quercus_Texana
gs://firsttry-220818-vcm/images/534.jpg,Prunus_X_Shmittii
gs://firsttry-220818-vcm/images/535.jpg,Quercus_Pontica
gs://firsttry-220818-vcm/images/536.jpg,Quercus_Alnifolia
gs://firsttry-220818-vcm/images/537.jpg,Quercus_Pontica
gs://firsttry-220818-vcm/images/538.jpg,Quercus_Castaneifolia
gs://firsttry-220818-vcm/images/539.jpg,Acer_Saccharinum
gs://firsttry-220818-vcm/images/540.jpg,Prunus_Avium
gs://firsttry-220818-vcm/images/541.jpg,Quercus_Variabilis
gs://firsttry-220818-vcm/images/542.jpg,Sorbus_Aria
gs://firsttry-220818-vcm/images/543.jpg,Alnus_Rubra
gs://firsttry-220818-vcm/images/544.jpg,Viburnum_Tinus
gs://firsttry-220818-vcm/images/545.jpg,Quercus_Texana
gs://firsttry-220818-vcm/images/546.jpg,Quercus_Greggii
gs://firsttry-220818-vcm/images/547.jpg,Acer_Rubrum
gs://firsttry-220818-vcm/images/548.jpg,Magnolia_Salicifolia
gs://firsttry-220818-vcm/images/549.jpg,Quercus_Phillyraeoides
gs://firsttry-220818-vcm/images/550.jpg,Quercus_Rhysophylla
gs://firsttry-220818-vcm/images/551.jpg,Alnus_Maximowiczii
gs://firsttry-220818-vcm/images/552.jpg,Liriodendron_Tulipifera
gs://firsttry-220818-vcm/images/553.jpg,Quercus_Infectoria_sub
gs://firsttry-220818-vcm/images/554.jpg,Cornus_Controversa
gs://firsttry-220818-vcm/images/555.jpg,Eucalyptus_Glaucescens
gs://firsttry-220818-vcm/images/556.jpg,Populus_Nigra
gs://firsttry-220818-vcm/images/557.jpg,Quercus_Pubescens
gs://firsttry-220818-vcm/images/558.jpg,Phildelphus
gs://firsttry-220818-vcm/images/559.jpg,Acer_Mono
gs://firsttry-220818-vcm/images/560.jpg,Alnus_Maximowiczii
gs://firsttry-220818-vcm/images/561.jpg,Prunus_Avium
gs://firsttry-220818-vcm/images/562.jpg,Quercus_Brantii
gs://firsttry-220818-vcm/images/563.jpg,Quercus_Cerris
gs://firsttry-220818-vcm/images/564.jpg,Quercus_Dolicholepis
gs://firsttry-220818-vcm/images/565.jpg,Quercus_Dolicholepis
gs://firsttry-220818-vcm/images/566.jpg,Quercus_Shumardii
gs://firsttry-220818-vcm/images/567.jpg,Quercus_Cerris
gs://firsttry-220818-vcm/images/568.jpg,Eucalyptus_Urnigera
gs://firsttry-220818-vcm/images/569.jpg,Acer_Opalus
gs://firsttry-220818-vcm/images/570.jpg,Rhododendron_x_Russellianum
gs://firsttry-220818-vcm/images/571.jpg,Lithocarpus_Cleistocarpus
gs://firsttry-220818-vcm/images/572.jpg,Ilex_Aquifolium
gs://firsttry-220818-vcm/images/573.jpg,Quercus_Phillyraeoides
gs://firsttry-220818-vcm/images/574.jpg,Quercus_Pyrenaica
gs://firsttry-220818-vcm/images/575.jpg,Cercis_Siliquastrum
gs://firsttry-220818-vcm/images/576.jpg,Acer_Pictum
gs://firsttry-220818-vcm/images/577.jpg,Quercus_Pyrenaica
gs://firsttry-220818-vcm/images/578.jpg,Quercus_x_Turneri
gs://firsttry-220818-vcm/images/579.jpg,Quercus_Infectoria_sub
gs://firsttry-220818-vcm/images/580.jpg,Quercus_Trojana
gs://firsttry-220818-vcm/images/581.jpg,Quercus_Dolicholepis
gs://firsttry-220818-vcm/images/582.jpg,Quercus_Chrysolepis
gs://firsttry-220818-vcm/images/583.jpg,Prunus_Avium
gs://firsttry-220818-vcm/images/584.jpg,Castanea_Sativa
gs://firsttry-220818-vcm/images/585.jpg,Rhododendron_x_Russellianum
gs://firsttry-220818-vcm/images/586.jpg,Viburnum_Tinus
gs://firsttry-220818-vcm/images/587.jpg,Olea_Europaea
gs://firsttry-220818-vcm/images/588.jpg,Cornus_Controversa
gs://firsttry-220818-vcm/images/589.jpg,Populus_Adenopoda
gs://firsttry-220818-vcm/images/590.jpg,Quercus_x_Turneri
gs://firsttry-220818-vcm/images/591.jpg,Quercus_Texana
gs://firsttry-220818-vcm/images/592.jpg,Pterocarya_Stenoptera
gs://firsttry-220818-vcm/images/593.jpg,Quercus_Ellipsoidalis
gs://firsttry-220818-vcm/images/594.jpg,Cornus_Macrophylla
gs://firsttry-220818-vcm/images/595.jpg,Tilia_Tomentosa
gs://firsttry-220818-vcm/images/596.jpg,Quercus_Kewensis
gs://firsttry-220818-vcm/images/597.jpg,Quercus_Canariensis
gs://firsttry-220818-vcm/images/598.jpg,Acer_Pictum
gs://firsttry-220818-vcm/images/599.jpg,Quercus_Semecarpifolia
gs://firsttry-220818-vcm/images/600.jpg,Phildelphus
gs://firsttry-220818-vcm/images/601.jpg,Alnus_Rubra
gs://firsttry-220818-vcm/images/602.jpg,Quercus_Afares
gs://firsttry-220818-vcm/images/603.jpg,Acer_Pictum
gs://firsttry-220818-vcm/images/604.jpg,Quercus_Alnifolia
gs://firsttry-220818-vcm/images/605.jpg,Tilia_Oliveri
gs://firsttry-220818-vcm/images/606.jpg,Acer_Palmatum
gs://firsttry-220818-vcm/images/607.jpg,Quercus_Variabilis
gs://firsttry-220818-vcm/images/608.jpg,Acer_Circinatum
gs://firsttry-220818-vcm/images/609.jpg,Ilex_Aquifolium
gs://firsttry-220818-vcm/images/610.jpg,Pterocarya_Stenoptera
gs://firsttry-220818-vcm/images/611.jpg,Crataegus_Monogyna
gs://firsttry-220818-vcm/images/612.jpg,Callicarpa_Bodinieri
gs://firsttry-220818-vcm/images/613.jpg,Populus_Adenopoda
gs://firsttry-220818-vcm/images/614.jpg,Alnus_Sieboldiana
gs://firsttry-220818-vcm/images/615.jpg,Cornus_Macrophylla
gs://firsttry-220818-vcm/images/616.jpg,Quercus_Phillyraeoides
gs://firsttry-220818-vcm/images/617.jpg,Salix_Fragilis
gs://firsttry-220818-vcm/images/618.jpg,Quercus_Rubra
gs://firsttry-220818-vcm/images/619.jpg,Quercus_Imbricaria
gs://firsttry-220818-vcm/images/620.jpg,Morus_Nigra
gs://firsttry-220818-vcm/images/621.jpg,Alnus_Maximowiczii
gs://firsttry-220818-vcm/images/622.jpg,Populus_Nigra
gs://firsttry-220818-vcm/images/623.jpg,Prunus_Avium
gs://firsttry-220818-vcm/images/624.jpg,Quercus_Kewensis
gs://firsttry-220818-vcm/images/625.jpg,Acer_Capillipes
gs://firsttry-220818-vcm/images/626.jpg,Callicarpa_Bodinieri
gs://firsttry-220818-vcm/images/627.jpg,Zelkova_Serrata
gs://firsttry-220818-vcm/images/628.jpg,Populus_Adenopoda
gs://firsttry-220818-vcm/images/629.jpg,Quercus_Vulcanica
gs://firsttry-220818-vcm/images/630.jpg,Eucalyptus_Neglecta
gs://firsttry-220818-vcm/images/631.jpg,Quercus_Brantii
gs://firsttry-220818-vcm/images/632.jpg,Acer_Circinatum
gs://firsttry-220818-vcm/images/633.jpg,Populus_Grandidentata
gs://firsttry-220818-vcm/images/634.jpg,Acer_Opalus
gs://firsttry-220818-vcm/images/635.jpg,Acer_Saccharinum
gs://firsttry-220818-vcm/images/636.jpg,Alnus_Sieboldiana
gs://firsttry-220818-vcm/images/637.jpg,Acer_Mono
gs://firsttry-220818-vcm/images/638.jpg,Quercus_Ilex
gs://firsttry-220818-vcm/images/639.jpg,Quercus_Coccinea
gs://firsttry-220818-vcm/images/640.jpg,Quercus_Semecarpifolia
gs://firsttry-220818-vcm/images/641.jpg,Acer_Platanoids
gs://firsttry-220818-vcm/images/642.jpg,Betula_Pendula
gs://firsttry-220818-vcm/images/643.jpg,Phildelphus
gs://firsttry-220818-vcm/images/644.jpg,Quercus_Trojana
gs://firsttry-220818-vcm/images/645.jpg,Crataegus_Monogyna
gs://firsttry-220818-vcm/images/646.jpg,Acer_Circinatum
gs://firsttry-220818-vcm/images/647.jpg,Alnus_Rubra
gs://firsttry-220818-vcm/images/648.jpg,Pterocarya_Stenoptera
gs://firsttry-220818-vcm/images/649.jpg,Quercus_Palustris
gs://firsttry-220818-vcm/images/650.jpg,Salix_Fragilis
gs://firsttry-220818-vcm/images/651.jpg,Quercus_Coccifera
gs://firsttry-220818-vcm/images/652.jpg,Tilia_Platyphyllos
gs://firsttry-220818-vcm/images/653.jpg,Magnolia_Heptapeta
gs://firsttry-220818-vcm/images/654.jpg,Olea_Europaea
gs://firsttry-220818-vcm/images/655.jpg,Arundinaria_Simonii
gs://firsttry-220818-vcm/images/656.jpg,Lithocarpus_Edulis
gs://firsttry-220818-vcm/images/657.jpg,Quercus_Castaneifolia
gs://firsttry-220818-vcm/images/658.jpg,Arundinaria_Simonii
gs://firsttry-220818-vcm/images/659.jpg,Tilia_Platyphyllos
gs://firsttry-220818-vcm/images/660.jpg,Acer_Palmatum
gs://firsttry-220818-vcm/images/661.jpg,Salix_Intergra
gs://firsttry-220818-vcm/images/662.jpg,Rhododendron_x_Russellianum
gs://firsttry-220818-vcm/images/663.jpg,Quercus_Castaneifolia
gs://firsttry-220818-vcm/images/664.jpg,Magnolia_Salicifolia
gs://firsttry-220818-vcm/images/665.jpg,Quercus_Castaneifolia
gs://firsttry-220818-vcm/images/666.jpg,Betula_Pendula
gs://firsttry-220818-vcm/images/667.jpg,Ilex_Cornuta
gs://firsttry-220818-vcm/images/668.jpg,Tilia_Tomentosa
gs://firsttry-220818-vcm/images/669.jpg,Quercus_Chrysolepis
gs://firsttry-220818-vcm/images/670.jpg,Tilia_Oliveri
gs://firsttry-220818-vcm/images/671.jpg,Quercus_Suber
gs://firsttry-220818-vcm/images/672.jpg,Crataegus_Monogyna
gs://firsttry-220818-vcm/images/673.jpg,Quercus_Crassifolia
gs://firsttry-220818-vcm/images/674.jpg,Salix_Fragilis
gs://firsttry-220818-vcm/images/675.jpg,Pterocarya_Stenoptera
gs://firsttry-220818-vcm/images/676.jpg,Salix_Fragilis
gs://firsttry-220818-vcm/images/677.jpg,Eucalyptus_Urnigera
gs://firsttry-220818-vcm/images/678.jpg,Quercus_Hartwissiana
gs://firsttry-220818-vcm/images/679.jpg,Quercus_Coccifera
gs://firsttry-220818-vcm/images/680.jpg,Acer_Palmatum
gs://firsttry-220818-vcm/images/681.jpg,Castanea_Sativa
gs://firsttry-220818-vcm/images/682.jpg,Acer_Palmatum
gs://firsttry-220818-vcm/images/683.jpg,Quercus_Pyrenaica
gs://firsttry-220818-vcm/images/684.jpg,Quercus_Pontica
gs://firsttry-220818-vcm/images/685.jpg,Quercus_Palustris
gs://firsttry-220818-vcm/images/686.jpg,Cercis_Siliquastrum
gs://firsttry-220818-vcm/images/687.jpg,Quercus_Canariensis
gs://firsttry-220818-vcm/images/688.jpg,Alnus_Sieboldiana
gs://firsttry-220818-vcm/images/689.jpg,Betula_Austrosinensis
gs://firsttry-220818-vcm/images/690.jpg,Quercus_Phellos
gs://firsttry-220818-vcm/images/691.jpg,Quercus_Infectoria_sub
gs://firsttry-220818-vcm/images/692.jpg,Quercus_Dolicholepis
gs://firsttry-220818-vcm/images/693.jpg,Quercus_Crassipes
gs://firsttry-220818-vcm/images/694.jpg,Cotinus_Coggygria
gs://firsttry-220818-vcm/images/695.jpg,Quercus_Phellos
gs://firsttry-220818-vcm/images/696.jpg,Acer_Rubrum
gs://firsttry-220818-vcm/images/697.jpg,Alnus_Rubra
gs://firsttry-220818-vcm/images/698.jpg,Callicarpa_Bodinieri
gs://firsttry-220818-vcm/images/699.jpg,Quercus_Rhysophylla
gs://firsttry-220818-vcm/images/700.jpg,Salix_Intergra
gs://firsttry-220818-vcm/images/701.jpg,Quercus_Dolicholepis
gs://firsttry-220818-vcm/images/702.jpg,Alnus_Viridis
gs://firsttry-220818-vcm/images/703.jpg,Acer_Opalus
gs://firsttry-220818-vcm/images/704.jpg,Quercus_Rubra
gs://firsttry-220818-vcm/images/705.jpg,Quercus_Hartwissiana
gs://firsttry-220818-vcm/images/706.jpg,Lithocarpus_Cleistocarpus
gs://firsttry-220818-vcm/images/707.jpg,Cytisus_Battandieri
gs://firsttry-220818-vcm/images/708.jpg,Quercus_Afares
gs://firsttry-220818-vcm/images/709.jpg,Ulmus_Bergmanniana
gs://firsttry-220818-vcm/images/710.jpg,Zelkova_Serrata
gs://firsttry-220818-vcm/images/711.jpg,Quercus_Crassifolia
gs://firsttry-220818-vcm/images/712.jpg,Quercus_Phellos
gs://firsttry-220818-vcm/images/713.jpg,Quercus_Coccifera
gs://firsttry-220818-vcm/images/714.jpg,Lithocarpus_Edulis
gs://firsttry-220818-vcm/images/715.jpg,Quercus_x_Turneri
gs://firsttry-220818-vcm/images/716.jpg,Tilia_Platyphyllos
gs://firsttry-220818-vcm/images/717.jpg,Castanea_Sativa
gs://firsttry-220818-vcm/images/718.jpg,Acer_Rubrum
gs://firsttry-220818-vcm/images/719.jpg,Quercus_Trojana
gs://firsttry-220818-vcm/images/720.jpg,Quercus_Afares
gs://firsttry-220818-vcm/images/721.jpg,Acer_Opalus
gs://firsttry-220818-vcm/images/722.jpg,Sorbus_Aria
gs://firsttry-220818-vcm/images/723.jpg,Quercus_Rhysophylla
gs://firsttry-220818-vcm/images/724.jpg,Acer_Rubrum
gs://firsttry-220818-vcm/images/725.jpg,Quercus_Greggii
gs://firsttry-220818-vcm/images/726.jpg,Quercus_Crassipes
gs://firsttry-220818-vcm/images/727.jpg,Quercus_Kewensis
gs://firsttry-220818-vcm/images/728.jpg,Cornus_Controversa
gs://firsttry-220818-vcm/images/729.jpg,Quercus_Pyrenaica
gs://firsttry-220818-vcm/images/730.jpg,Quercus_Hartwissiana
gs://firsttry-220818-vcm/images/731.jpg,Prunus_X_Shmittii
gs://firsttry-220818-vcm/images/732.jpg,Morus_Nigra
gs://firsttry-220818-vcm/images/733.jpg,Tilia_Oliveri
gs://firsttry-220818-vcm/images/734.jpg,Celtis_Koraiensis
gs://firsttry-220818-vcm/images/735.jpg,Sorbus_Aria
gs://firsttry-220818-vcm/images/736.jpg,Callicarpa_Bodinieri
gs://firsttry-220818-vcm/images/737.jpg,Quercus_Nigra
gs://firsttry-220818-vcm/images/738.jpg,Acer_Saccharinum
gs://firsttry-220818-vcm/images/739.jpg,Acer_Saccharinum
gs://firsttry-220818-vcm/images/740.jpg,Eucalyptus_Neglecta
gs://firsttry-220818-vcm/images/741.jpg,Quercus_Vulcanica
gs://firsttry-220818-vcm/images/742.jpg,Quercus_Imbricaria
gs://firsttry-220818-vcm/images/743.jpg,Acer_Capillipes
gs://firsttry-220818-vcm/images/744.jpg,Liquidambar_Styraciflua
gs://firsttry-220818-vcm/images/745.jpg,Zelkova_Serrata
gs://firsttry-220818-vcm/images/746.jpg,Sorbus_Aria
gs://firsttry-220818-vcm/images/747.jpg,Salix_Intergra
gs://firsttry-220818-vcm/images/748.jpg,Fagus_Sylvatica
gs://firsttry-220818-vcm/images/749.jpg,Quercus_Brantii
gs://firsttry-220818-vcm/images/750.jpg,Magnolia_Heptapeta
gs://firsttry-220818-vcm/images/751.jpg,Cornus_Macrophylla
gs://firsttry-220818-vcm/images/752.jpg,Quercus_Vulcanica
gs://firsttry-220818-vcm/images/753.jpg,Viburnum_Tinus
gs://firsttry-220818-vcm/images/754.jpg,Betula_Pendula
gs://firsttry-220818-vcm/images/755.jpg,Acer_Rubrum
gs://firsttry-220818-vcm/images/756.jpg,Alnus_Maximowiczii
gs://firsttry-220818-vcm/images/757.jpg,Viburnum_Tinus
gs://firsttry-220818-vcm/images/758.jpg,Magnolia_Heptapeta
gs://firsttry-220818-vcm/images/759.jpg,Quercus_Cerris
gs://firsttry-220818-vcm/images/760.jpg,Salix_Intergra
gs://firsttry-220818-vcm/images/761.jpg,Quercus_Semecarpifolia
gs://firsttry-220818-vcm/images/762.jpg,Populus_Grandidentata
gs://firsttry-220818-vcm/images/763.jpg,Quercus_Greggii
gs://firsttry-220818-vcm/images/764.jpg,Viburnum_x_Rhytidophylloides
gs://firsttry-220818-vcm/images/765.jpg,Morus_Nigra
gs://firsttry-220818-vcm/images/766.jpg,Castanea_Sativa
gs://firsttry-220818-vcm/images/767.jpg,Quercus_Pontica
gs://firsttry-220818-vcm/images/768.jpg,Alnus_Maximowiczii
gs://firsttry-220818-vcm/images/769.jpg,Alnus_Cordata
gs://firsttry-220818-vcm/images/770.jpg,Quercus_Dolicholepis
gs://firsttry-220818-vcm/images/771.jpg,Ulmus_Bergmanniana
gs://firsttry-220818-vcm/images/772.jpg,Eucalyptus_Glaucescens
gs://firsttry-220818-vcm/images/773.jpg,Viburnum_Tinus
gs://firsttry-220818-vcm/images/774.jpg,Alnus_Cordata
gs://firsttry-220818-vcm/images/775.jpg,Acer_Rubrum
gs://firsttry-220818-vcm/images/776.jpg,Quercus_Infectoria_sub
gs://firsttry-220818-vcm/images/777.jpg,Acer_Rubrum
gs://firsttry-220818-vcm/images/778.jpg,Tilia_Platyphyllos
gs://firsttry-220818-vcm/images/779.jpg,Ilex_Cornuta
gs://firsttry-220818-vcm/images/780.jpg,Olea_Europaea
gs://firsttry-220818-vcm/images/781.jpg,Quercus_Infectoria_sub
gs://firsttry-220818-vcm/images/782.jpg,Morus_Nigra
gs://firsttry-220818-vcm/images/783.jpg,Alnus_Viridis
gs://firsttry-220818-vcm/images/784.jpg,Cornus_Chinensis
gs://firsttry-220818-vcm/images/785.jpg,Quercus_Coccifera
gs://firsttry-220818-vcm/images/786.jpg,Alnus_Rubra
gs://firsttry-220818-vcm/images/787.jpg,Quercus_Palustris
gs://firsttry-220818-vcm/images/788.jpg,Cytisus_Battandieri
gs://firsttry-220818-vcm/images/789.jpg,Zelkova_Serrata
gs://firsttry-220818-vcm/images/790.jpg,Quercus_Phellos
gs://firsttry-220818-vcm/images/791.jpg,Sorbus_Aria
gs://firsttry-220818-vcm/images/792.jpg,Acer_Opalus
gs://firsttry-220818-vcm/images/793.jpg,Phildelphus
gs://firsttry-220818-vcm/images/794.jpg,Castanea_Sativa
gs://firsttry-220818-vcm/images/795.jpg,Quercus_Crassipes
gs://firsttry-220818-vcm/images/796.jpg,Quercus_Pubescens
gs://firsttry-220818-vcm/images/797.jpg,Celtis_Koraiensis
gs://firsttry-220818-vcm/images/798.jpg,Quercus_Suber
gs://firsttry-220818-vcm/images/799.jpg,Quercus_Ellipsoidalis
gs://firsttry-220818-vcm/images/800.jpg,Quercus_Imbricaria
gs://firsttry-220818-vcm/images/801.jpg,Quercus_Cerris
gs://firsttry-220818-vcm/images/802.jpg,Crataegus_Monogyna
gs://firsttry-220818-vcm/images/803.jpg,Prunus_Avium
gs://firsttry-220818-vcm/images/804.jpg,Alnus_Maximowiczii
gs://firsttry-220818-vcm/images/805.jpg,Fagus_Sylvatica
gs://firsttry-220818-vcm/images/806.jpg,Quercus_Chrysolepis
gs://firsttry-220818-vcm/images/807.jpg,Quercus_Dolicholepis
gs://firsttry-220818-vcm/images/808.jpg,Quercus_Ilex
gs://firsttry-220818-vcm/images/809.jpg,Castanea_Sativa
gs://firsttry-220818-vcm/images/810.jpg,Quercus_Pubescens
gs://firsttry-220818-vcm/images/811.jpg,Viburnum_x_Rhytidophylloides
gs://firsttry-220818-vcm/images/812.jpg,Tilia_Tomentosa
gs://firsttry-220818-vcm/images/813.jpg,Alnus_Sieboldiana
gs://firsttry-220818-vcm/images/814.jpg,Quercus_Pubescens
gs://firsttry-220818-vcm/images/815.jpg,Ulmus_Bergmanniana
gs://firsttry-220818-vcm/images/816.jpg,Ginkgo_Biloba
gs://firsttry-220818-vcm/images/817.jpg,Quercus_Afares
gs://firsttry-220818-vcm/images/818.jpg,Viburnum_x_Rhytidophylloides
gs://firsttry-220818-vcm/images/819.jpg,Quercus_Alnifolia
gs://firsttry-220818-vcm/images/820.jpg,Quercus_x_Turneri
gs://firsttry-220818-vcm/images/821.jpg,Ginkgo_Biloba
gs://firsttry-220818-vcm/images/822.jpg,Acer_Opalus
gs://firsttry-220818-vcm/images/823.jpg,Prunus_Avium
gs://firsttry-220818-vcm/images/824.jpg,Quercus_Rhysophylla
gs://firsttry-220818-vcm/images/825.jpg,Prunus_X_Shmittii
gs://firsttry-220818-vcm/images/826.jpg,Ilex_Aquifolium
gs://firsttry-220818-vcm/images/827.jpg,Quercus_Phillyraeoides
gs://firsttry-220818-vcm/images/828.jpg,Quercus_Greggii
gs://firsttry-220818-vcm/images/829.jpg,Pterocarya_Stenoptera
gs://firsttry-220818-vcm/images/830.jpg,Quercus_Infectoria_sub
gs://firsttry-220818-vcm/images/831.jpg,Phildelphus
gs://firsttry-220818-vcm/images/832.jpg,Tilia_Tomentosa
gs://firsttry-220818-vcm/images/833.jpg,Quercus_Rhysophylla
gs://firsttry-220818-vcm/images/834.jpg,Quercus_Infectoria_sub
gs://firsttry-220818-vcm/images/835.jpg,Prunus_Avium
gs://firsttry-220818-vcm/images/836.jpg,Quercus_Texana
gs://firsttry-220818-vcm/images/837.jpg,Acer_Mono
gs://firsttry-220818-vcm/images/838.jpg,Eucalyptus_Urnigera
gs://firsttry-220818-vcm/images/839.jpg,Cornus_Controversa
gs://firsttry-220818-vcm/images/840.jpg,Ilex_Aquifolium
gs://firsttry-220818-vcm/images/841.jpg,Ilex_Cornuta
gs://firsttry-220818-vcm/images/842.jpg,Quercus_Ilex
gs://firsttry-220818-vcm/images/843.jpg,Ilex_Aquifolium
gs://firsttry-220818-vcm/images/844.jpg,Liquidambar_Styraciflua
gs://firsttry-220818-vcm/images/845.jpg,Rhododendron_x_Russellianum
gs://firsttry-220818-vcm/images/846.jpg,Quercus_Infectoria_sub
gs://firsttry-220818-vcm/images/847.jpg,Cytisus_Battandieri
gs://firsttry-220818-vcm/images/848.jpg,Quercus_x_Turneri
gs://firsttry-220818-vcm/images/849.jpg,Quercus_Canariensis
gs://firsttry-220818-vcm/images/850.jpg,Quercus_Semecarpifolia
gs://firsttry-220818-vcm/images/851.jpg,Ilex_Cornuta
gs://firsttry-220818-vcm/images/852.jpg,Quercus_Imbricaria
gs://firsttry-220818-vcm/images/853.jpg,Quercus_Hartwissiana
gs://firsttry-220818-vcm/images/854.jpg,Callicarpa_Bodinieri
gs://firsttry-220818-vcm/images/855.jpg,Acer_Palmatum
gs://firsttry-220818-vcm/images/856.jpg,Crataegus_Monogyna
gs://firsttry-220818-vcm/images/857.jpg,Eucalyptus_Urnigera
gs://firsttry-220818-vcm/images/858.jpg,Quercus_Alnifolia
gs://firsttry-220818-vcm/images/859.jpg,Quercus_x_Hispanica
gs://firsttry-220818-vcm/images/860.jpg,Acer_Capillipes
gs://firsttry-220818-vcm/images/861.jpg,Eucalyptus_Neglecta
gs://firsttry-220818-vcm/images/862.jpg,Quercus_Shumardii
gs://firsttry-220818-vcm/images/863.jpg,Quercus_Imbricaria
gs://firsttry-220818-vcm/images/864.jpg,Ulmus_Bergmanniana
gs://firsttry-220818-vcm/images/865.jpg,Magnolia_Heptapeta
gs://firsttry-220818-vcm/images/866.jpg,Cotinus_Coggygria
gs://firsttry-220818-vcm/images/867.jpg,Quercus_Nigra
gs://firsttry-220818-vcm/images/868.jpg,Quercus_Coccifera
gs://firsttry-220818-vcm/images/869.jpg,Liquidambar_Styraciflua
gs://firsttry-220818-vcm/images/870.jpg,Cytisus_Battandieri
gs://firsttry-220818-vcm/images/871.jpg,Betula_Pendula
gs://firsttry-220818-vcm/images/872.jpg,Lithocarpus_Edulis
gs://firsttry-220818-vcm/images/873.jpg,Sorbus_Aria
gs://firsttry-220818-vcm/images/874.jpg,Alnus_Sieboldiana
gs://firsttry-220818-vcm/images/875.jpg,Cornus_Controversa
gs://firsttry-220818-vcm/images/876.jpg,Quercus_Rhysophylla
gs://firsttry-220818-vcm/images/877.jpg,Quercus_Semecarpifolia
gs://firsttry-220818-vcm/images/878.jpg,Quercus_Rhysophylla
gs://firsttry-220818-vcm/images/879.jpg,Cornus_Chinensis
gs://firsttry-220818-vcm/images/880.jpg,Pterocarya_Stenoptera
gs://firsttry-220818-vcm/images/881.jpg,Zelkova_Serrata
gs://firsttry-220818-vcm/images/882.jpg,Prunus_X_Shmittii
gs://firsttry-220818-vcm/images/883.jpg,Populus_Nigra
gs://firsttry-220818-vcm/images/884.jpg,Prunus_X_Shmittii
gs://firsttry-220818-vcm/images/885.jpg,Acer_Pictum
gs://firsttry-220818-vcm/images/886.jpg,Quercus_Ellipsoidalis
gs://firsttry-220818-vcm/images/887.jpg,Viburnum_x_Rhytidophylloides
gs://firsttry-220818-vcm/images/888.jpg,Quercus_Shumardii
gs://firsttry-220818-vcm/images/889.jpg,Quercus_Brantii
gs://firsttry-220818-vcm/images/890.jpg,Celtis_Koraiensis
gs://firsttry-220818-vcm/images/891.jpg,Cotinus_Coggygria
gs://firsttry-220818-vcm/images/892.jpg,Quercus_Rubra
gs://firsttry-220818-vcm/images/893.jpg,Alnus_Cordata
gs://firsttry-220818-vcm/images/894.jpg,Quercus_Hartwissiana
gs://firsttry-220818-vcm/images/895.jpg,Ilex_Aquifolium
gs://firsttry-220818-vcm/images/896.jpg,Morus_Nigra
gs://firsttry-220818-vcm/images/897.jpg,Quercus_Vulcanica
gs://firsttry-220818-vcm/images/898.jpg,Salix_Intergra
gs://firsttry-220818-vcm/images/899.jpg,Zelkova_Serrata
gs://firsttry-220818-vcm/images/900.jpg,Viburnum_x_Rhytidophylloides
gs://firsttry-220818-vcm/images/901.jpg,Quercus_Palustris
gs://firsttry-220818-vcm/images/902.jpg,Ulmus_Bergmanniana
gs://firsttry-220818-vcm/images/903.jpg,Quercus_Alnifolia
gs://firsttry-220818-vcm/images/904.jpg,Acer_Opalus
gs://firsttry-220818-vcm/images/905.jpg,Eucalyptus_Neglecta
gs://firsttry-220818-vcm/images/906.jpg,Quercus_Kewensis
gs://firsttry-220818-vcm/images/907.jpg,Quercus_Agrifolia
gs://firsttry-220818-vcm/images/908.jpg,Quercus_Nigra
gs://firsttry-220818-vcm/images/909.jpg,Cytisus_Battandieri
gs://firsttry-220818-vcm/images/910.jpg,Cornus_Chinensis
gs://firsttry-220818-vcm/images/911.jpg,Ilex_Cornuta
gs://firsttry-220818-vcm/images/912.jpg,Acer_Platanoids
gs://firsttry-220818-vcm/images/913.jpg,Prunus_X_Shmittii
gs://firsttry-220818-vcm/images/914.jpg,Quercus_Phellos
gs://firsttry-220818-vcm/images/915.jpg,Cercis_Siliquastrum
gs://firsttry-220818-vcm/images/916.jpg,Salix_Fragilis
gs://firsttry-220818-vcm/images/917.jpg,Betula_Pendula
gs://firsttry-220818-vcm/images/918.jpg,Viburnum_x_Rhytidophylloides
gs://firsttry-220818-vcm/images/919.jpg,Quercus_Phellos
gs://firsttry-220818-vcm/images/920.jpg,Quercus_Shumardii
gs://firsttry-220818-vcm/images/921.jpg,Alnus_Cordata
gs://firsttry-220818-vcm/images/922.jpg,Quercus_Chrysolepis
gs://firsttry-220818-vcm/images/923.jpg,Quercus_Greggii
gs://firsttry-220818-vcm/images/924.jpg,Tilia_Oliveri
gs://firsttry-220818-vcm/images/925.jpg,Lithocarpus_Edulis
gs://firsttry-220818-vcm/images/926.jpg,Arundinaria_Simonii
gs://firsttry-220818-vcm/images/927.jpg,Quercus_Phillyraeoides
gs://firsttry-220818-vcm/images/928.jpg,Quercus_x_Turneri
gs://firsttry-220818-vcm/images/929.jpg,Quercus_Phillyraeoides
gs://firsttry-220818-vcm/images/930.jpg,Prunus_X_Shmittii
gs://firsttry-220818-vcm/images/931.jpg,Olea_Europaea
gs://firsttry-220818-vcm/images/932.jpg,Quercus_Texana
gs://firsttry-220818-vcm/images/933.jpg,Ilex_Aquifolium
gs://firsttry-220818-vcm/images/934.jpg,Quercus_Cerris
gs://firsttry-220818-vcm/images/935.jpg,Acer_Opalus
gs://firsttry-220818-vcm/images/936.jpg,Olea_Europaea
gs://firsttry-220818-vcm/images/937.jpg,Acer_Circinatum
gs://firsttry-220818-vcm/images/938.jpg,Quercus_Brantii
gs://firsttry-220818-vcm/images/939.jpg,Quercus_Castaneifolia
gs://firsttry-220818-vcm/images/940.jpg,Salix_Intergra
gs://firsttry-220818-vcm/images/941.jpg,Castanea_Sativa
gs://firsttry-220818-vcm/images/942.jpg,Acer_Platanoids
gs://firsttry-220818-vcm/images/943.jpg,Eucalyptus_Urnigera
gs://firsttry-220818-vcm/images/944.jpg,Quercus_x_Hispanica
gs://firsttry-220818-vcm/images/945.jpg,Quercus_Greggii
gs://firsttry-220818-vcm/images/946.jpg,Pterocarya_Stenoptera
gs://firsttry-220818-vcm/images/947.jpg,Acer_Mono
gs://firsttry-220818-vcm/images/948.jpg,Acer_Rufinerve
gs://firsttry-220818-vcm/images/949.jpg,Populus_Grandidentata
gs://firsttry-220818-vcm/images/950.jpg,Quercus_Pyrenaica
gs://firsttry-220818-vcm/images/951.jpg,Tilia_Oliveri
gs://firsttry-220818-vcm/images/952.jpg,Acer_Capillipes
gs://firsttry-220818-vcm/images/953.jpg,Cornus_Controversa
gs://firsttry-220818-vcm/images/954.jpg,Quercus_Kewensis
gs://firsttry-220818-vcm/images/955.jpg,Quercus_Coccinea
gs://firsttry-220818-vcm/images/956.jpg,Quercus_Shumardii
gs://firsttry-220818-vcm/images/957.jpg,Salix_Intergra
gs://firsttry-220818-vcm/images/958.jpg,Ginkgo_Biloba
gs://firsttry-220818-vcm/images/959.jpg,Acer_Pictum
gs://firsttry-220818-vcm/images/960.jpg,Quercus_Coccinea
gs://firsttry-220818-vcm/images/961.jpg,Quercus_Vulcanica
gs://firsttry-220818-vcm/images/962.jpg,Salix_Fragilis
gs://firsttry-220818-vcm/images/963.jpg,Tilia_Tomentosa
gs://firsttry-220818-vcm/images/964.jpg,Populus_Grandidentata
gs://firsttry-220818-vcm/images/965.jpg,Prunus_X_Shmittii
gs://firsttry-220818-vcm/images/966.jpg,Quercus_x_Hispanica
gs://firsttry-220818-vcm/images/967.jpg,Quercus_Suber
gs://firsttry-220818-vcm/images/968.jpg,Alnus_Viridis
gs://firsttry-220818-vcm/images/969.jpg,Acer_Palmatum
gs://firsttry-220818-vcm/images/970.jpg,Quercus_Rhysophylla
gs://firsttry-220818-vcm/images/971.jpg,Quercus_Cerris
gs://firsttry-220818-vcm/images/972.jpg,Quercus_Texana
gs://firsttry-220818-vcm/images/973.jpg,Acer_Mono
gs://firsttry-220818-vcm/images/974.jpg,Quercus_Vulcanica
gs://firsttry-220818-vcm/images/975.jpg,Quercus_Nigra
gs://firsttry-220818-vcm/images/976.jpg,Rhododendron_x_Russellianum
gs://firsttry-220818-vcm/images/977.jpg,Acer_Capillipes
gs://firsttry-220818-vcm/images/978.jpg,Quercus_Pubescens
gs://firsttry-220818-vcm/images/979.jpg,Alnus_Viridis
gs://firsttry-220818-vcm/images/980.jpg,Quercus_x_Hispanica
gs://firsttry-220818-vcm/images/981.jpg,Quercus_Suber
gs://firsttry-220818-vcm/images/982.jpg,Viburnum_x_Rhytidophylloides
gs://firsttry-220818-vcm/images/983.jpg,Quercus_Nigra
gs://firsttry-220818-vcm/images/984.jpg,Quercus_Phellos
gs://firsttry-220818-vcm/images/985.jpg,Ilex_Cornuta
gs://firsttry-220818-vcm/images/986.jpg,Magnolia_Salicifolia
gs://firsttry-220818-vcm/images/987.jpg,Acer_Pictum
gs://firsttry-220818-vcm/images/988.jpg,Alnus_Maximowiczii
gs://firsttry-220818-vcm/images/989.jpg,Quercus_Rubra
gs://firsttry-220818-vcm/images/990.jpg,Quercus_Afares
